전기포트/그릴/냄비,102134,134,5438
스트리밍/블루레이,10247180,47180,514
신규메뉴프로젝터/스크린,10224476,24476,3411
중고 음향기기,10248166,48166,55
로봇청소기 전체,10248448,48448,525
가습기/에어워셔,1022486,2486,2526
리퍼/중고 헬스기구,10248210,48210,112
히터/난방기기,1022923,2923,5034
23년 추석준비,10249771,49771,31862
믹서기/다지기,102133,133,4035
건조기,10221615,21615,1326
신규메뉴쉽게 구매하기,10249414,49414,339
신규메뉴의류관리기,10247884,47884,183
리퍼비시 노트북,10248160,48160,291
인덕션/가스레인지,102132,132,3904
로봇청소기용품,10230262,30262,1194
전화기/스탠드,102686,686,1607
전기밥솥,102123,123,7569
인기메뉴리퍼비시 TV,10248159,48159,595
헤어기기,10248567,48567,3353
다리미/재봉틀,102688,688,1856
디지털도어락,102293,293,1453
인기메뉴로봇청소기,10243069,43069,525
오븐/전자레인지,102124,124,3291
인기메뉴김치냉장고,102122,122,3801
음식물처리기/웰빙,1023084,3084,493
중고 태블릿,10248162,48162,206
로켓배송,10249413,49413,525
에어컨/냉난방기,1022644,2644,3707
위생가전,10248670,48670,527
TV액세서리,1022804,2804,4216
LDS/ToF센서,10230313,30313,217
청소기,102207,207,9210
인기메뉴스테이션 포함,10246321,46321,164
액세서리,1022810,2810,1683
신규메뉴이어폰/헤드폰,10248969,48969,8065
세탁기,102206,206,1653
HIFI/AV스피커,10222639,22639,1578
전기장판/전기요,1022542,2542,2043
면도기/제모기,10248399,48399,2446
사운드바,1024257,4257,275
리퍼비시 안마의자,10248205,48205,102
냉장고,102110,110,4757
신규메뉴온수매트,10238888,38888,452
블루투스스피커,10224954,24954,1219
물리치료/찜질용품,10248614,48614,3307
피부관리기,10248632,48632,3086
오디오/플레이어,1022807,2807,985
PA음향,1022806,2806,2985
인기메뉴식기세척기/건조기,102313,313,1137
건강측정기,10248653,48653,1528
인기메뉴공기청정기/환풍기,102738,738,2255
보일러/온수기,10212250,12250,1261
앰프/리시버,1022809,2809,1183
인기메뉴TV,1022811,2811,4721
서큘레이터,10248346,48346,1280
선풍기,10248359,48359,6396
정수기,10248475,48475,565
음향패키지,10233293,33293,846
커피메이커/머신,102302,302,3746
인기메뉴비데,102692,692,1475
인기메뉴PC사운드,10243706,43706,789
업소용 주방가전,10242841,42841,6141
리퍼/중고 휴대폰,10248161,48161,350
제습기,1022575,2575,819
안마/마사지기,10248580,48580,3529
전동칫솔/구강세정,10248662,48662,2667
마이크,10214913,14913,3856
